{"PEPE_USDT": 1783716619.8415082, "USD1_USDT": 1783716619.8415082, "UMXMUSDT": 1783716619.8415082, "LIT_USDT": 1783716619.8415082, "ENA_USDT": 1783716619.8415082}