{"HMSTR-USDT": 1783260303.7204773, "LTC-USDT": 1783260303.7204773, "LIT_USDT": 1783260303.7204773, "VANRY_USDT": 1783260303.7204773, "AAVE-USDT": 1783260303.7204773, "ZEC-USDT": 1783260303.7204773, "NES-USDT": 1783260303.7204773}