{"AAVE-USDT": 1784073202.148072, "WLD_USDT": 1784073202.148072, "PEPE_USDT": 1784073202.148072, "DOGE_USDT": 1784073202.148072, "LINK-USDT": 1784069774.4955072, "LIT_USDT": 1784073202.148072, "SNX-USDT": 1784073202.148072, "UMXMUSDT": 1784073202.148072, "VELVET_USDT": 1784073202.148072, "PUMP-USDT": 1784073202.148072}