{"INJ_USDT": 1784523896.8546767, "UMXMUSDT": 1784523896.8546767, "PI_USDT": 1784523896.8546767}