{"LTC-USDT": 1783698963.35663, "PEPE_USDT": 1783698963.35663, "USD1_USDT": 1783698963.35663, "DEXE_USDT": 1783698963.35663, "DOT-USDT": 1783698963.35663}