{"ENA_USDT": 1784220570.1658378, "AKE_USDT": 1784220570.1658378}