{"LTC-USDT": 1784615231.8901603, "ENA_USDT": 1784615231.8901603, "XLM-USDT": 1784615231.8901603, "DOGE_USDT": 1784615231.8901603}