{"SPYX_USDT": 1784672840.821789, "XAUT_USDT": 1784672840.821789, "RONUSDT": 1784672840.821789}