{"UMXMUSDT": 1784092500.3530972, "DATA-USDT": 1784092500.3530972, "RONUSDT": 1784092500.3530972, "ASTER-USDT": 1784092500.3530972}