{"UMXMUSDT": 1783773181.306451, "LTC-USDT": 1783773181.306451, "USD1_USDT": 1783773181.306451, "XAUT_USDT": 1783773181.306451, "WLD_USDT": 1783773181.306451, "XPIN_USDT": 1783773181.306451, "UNI-USDT": 1783773181.306451, "AAVE-USDT": 1783773181.306451, "GRAM_USDT": 1783773181.306451}