{"INJ_USDT": 1784499971.9568663, "UMXMUSDT": 1784499971.9568663}