{"PEPE_USDT": 1783900360.6962147, "TRX_USDT": 1783900360.6962147, "ZEC-USDT": 1783900360.6962147, "LIT_USDT": 1783900360.6962147, "UMXMUSDT": 1783900360.6962147}