{"XLM-USDT": 1784496254.7426388, "INJ_USDT": 1784496254.7426388, "LTC-USDT": 1784496254.7426388}