{"USD1_USDT": 1783540069.9256682, "UNI-USDT": 1783540069.9256682}