{"9BIT-USDT": 1784721102.0523953, "ENA_USDT": 1784721102.0523953, "US_USDT": 1784721102.0523953, "AKE_USDT": 1784721102.0523953}