{"UMXMUSDT": 1783808074.9295952, "WLD_USDT": 1783804981.680265, "TAO-USDT": 1783808074.9295952, "XRP-USDT": 1783808074.9295952, "LTC-USDT": 1783808074.9295952, "PIEVERSE-USDT": 1783804981.680265, "AAVE-USDT": 1783808074.9295952}