{"UMXMUSDT": 1784413355.2365558, "USD1_USDT": 1784413355.2365558}