{"USD1_USDT": 1784346874.1659074, "OXT_USDT": 1784346874.1659074}