{"SHIB-USDT": 1784592197.4192603, "XLM-USDT": 1784592197.4192603, "LTC-USDT": 1784592197.4192603, "ACEUSDT": 1784592197.4192603, "PEPE_USDT": 1784592197.4192603}