{"UMXMUSDT": 1784422863.5995924, "USD1_USDT": 1784422863.5995924, "LTC-USDT": 1784422863.5995924, "AKE_USDT": 1784422863.5995924, "INJ_USDT": 1784422863.5995924, "TRX_USDT": 1784422863.5995924}