{"AAVE-USDT": 1783330935.489393, "UMXMUSDT": 1783330935.489393, "XPL_USDT": 1783330935.489393, "9BIT-USDT": 1783330935.489393, "XLM_USDT": 1783330935.489393, "VANRY_USDT": 1783330935.489393}