{"UMXMUSDT": 1784107905.8741379, "ASTER-USDT": 1784107905.8741379, "HYPE_USDT": 1784107905.8741379}