{"LTC-USDT": 1783287976.4343088, "AAVE-USDT": 1783287976.4343088, "LINK-USDT": 1783287976.4343088, "DOGE_USDT": 1783287976.4343088, "NEAR-USDT": 1783287976.4343088, "GRAM_USDT": 1783287976.4343088, "HYPE_USDT": 1783287976.4343088, "PEPE_USDT": 1783287976.4343088, "XPL_USDT": 1783287976.4343088, "ZEC-USDT": 1783287976.4343088, "BCH-USDT": 1783287976.4343088}