{"HMSTR-USDT": 1783257440.8966894, "LTC-USDT": 1783257440.8966894, "LIT_USDT": 1783257440.8966894, "VANRY_USDT": 1783257440.8966894}