{"ENA_USDT": 1784230891.2916691, "MANTRA_USDT": 1784230891.2916691, "DOT-USDT": 1784230891.2916691}