{"UMXMUSDT": 1784100559.5382805, "RONUSDT": 1784100559.5382805, "ASTER-USDT": 1784100559.5382805}