{"LINK-USDT": 1783875864.043001, "PEPE_USDT": 1783875864.043001, "WLD_USDT": 1783875864.043001, "BEAT_USDT": 1783875864.043001, "LIT_USDT": 1783875864.043001}