{"LIT_USDT": 1783596667.7112832, "UNI-USDT": 1783596667.7112832, "AAVE-USDT": 1783596667.7112832}