{"INJ_USDT": 1784891838.665086, "AKE_USDT": 1784891838.665086}