{"UMXMUSDT": 1784467033.5848894, "PEPE_USDT": 1784467033.5848894}