{"UMXMUSDT": 1784152747.9085915, "XLM-USDT": 1784152747.9085915}