{"VELVET_USDT": 1783936458.4949803, "UMXMUSDT": 1783936458.4949803, "H_USDT": 1783936458.4949803}