{"USD1_USDT": 1784362780.9473474, "OXT_USDT": 1784362780.9473474, "UMXMUSDT": 1784362780.9473474}