{"UNI-USDT": 1784009396.5420938, "UMXMUSDT": 1784009396.5420938, "ENA_USDT": 1784009396.5420938}