{"PEPE_USDT": 1784453253.7140958, "UMXMUSDT": 1784453253.7140958}