{"UMXMUSDT": 1783671714.343582, "UNI-USDT": 1783671714.343582, "ZEC-USDT": 1783671714.343582, "BTC_USDT": 1783671714.343582, "LIT_USDT": 1783671714.343582, "TAG_USDT": 1783671714.343582, "ENA_USDT": 1783671714.343582, "DEXE_USDT": 1783671714.343582, "EVAA_USDT": 1783671714.343582, "LTC-USDT": 1783671714.343582}