{"LINK-USDT": 1783885144.5782228, "PEPE_USDT": 1783885144.5782228, "WLD_USDT": 1783885144.5782228, "BEAT_USDT": 1783885144.5782228, "TRX_USDT": 1783885144.5782228, "ZEC-USDT": 1783885144.5782228}