{"ASTER-USDT": 1784114888.9716487, "HYPE_USDT": 1784114888.9716487, "NEAR-USDT": 1784114888.9716487, "LTC-USDT": 1784114888.9716487, "PUMP-USDT": 1784114888.9716487}