{"ZEUS_USDT": 1783377981.253212, "SOL_USDT": 1783377981.253212, "NEAR-USDT": 1783377981.253212, "UNI-USDT": 1783377981.253212, "LINK-USDT": 1783377981.253212, "ONDO_USDT": 1783377981.253212, "XRP-USDT": 1783377981.253212, "HYPEUSDT": 1783377981.253212, "PEPE_USDT": 1783377981.253212, "UMXMUSDT": 1783377981.253212, "PUMP_USDT": 1783377981.253212, "XPL_USDT": 1783377981.253212, "LTC-USDT": 1783377981.253212, "TAO-USDT": 1783377981.253212, "GRAM_USDT": 1783377981.253212, "AAVE-USDT": 1783377981.253212, "BNB_USDT": 1783377981.253212, "ENA_USDT": 1783377981.253212, "DOGEUSDT": 1783377981.253212, "XAUTUSDT": 1783377981.253212, "HMSTR-USDT": 1783377981.253212, "MON_USDT": 1783377981.253212}