{"UMXMUSDT": 1783764825.1010692, "LTC-USDT": 1783764825.1010692, "USD1_USDT": 1783764825.1010692, "XAUT_USDT": 1783764825.1010692, "WLD_USDT": 1783764825.1010692, "XPIN_USDT": 1783764825.1010692}