{"AAVE-USDT": 1784081554.2800035, "WLD_USDT": 1784081554.2800035, "SNX-USDT": 1784081554.2800035, "UMXMUSDT": 1784081554.2800035, "VELVET_USDT": 1784081554.2800035, "ZEC-USDT": 1784081554.2800035, "DATA-USDT": 1784081554.2800035, "BTC_USDT": 1784081554.2800035}