{"UMXMUSDT": 1783641813.1636362, "TRX_USDT": 1783641813.1636362, "UNI-USDT": 1783641813.1636362, "ICP-USDT": 1783641813.1636362, "ZEC-USDT": 1783641813.1636362, "SENT-USDT": 1783641813.1636362, "EDGEUSDT": 1783641813.1636362, "AAVE-USDT": 1783641813.1636362, "BTC_USDT": 1783641813.1636362}