{"UMXMUSDT": 1783800592.4245536, "WLD_USDT": 1783800592.4245536, "TAO-USDT": 1783800592.4245536, "ZEC-USDT": 1783800592.4245536, "ENA_USDT": 1783800592.4245536, "XRP-USDT": 1783800592.4245536, "LTC-USDT": 1783800592.4245536, "PIEVERSE-USDT": 1783800592.4245536}