{"UMXMUSDT": 1784174897.749049, "RAVE-USDT": 1784174897.749049}