{"OXT_USDT": 1784320056.6483533, "DOT-USDT": 1784323345.4109607, "AKE_USDT": 1784320056.6483533}