{"LTC-USDT": 1784778874.6371405, "OUSDT": 1784778874.6371405, "BANK_USDT": 1784778874.6371405}