{"ALLO_USDT": 1783990537.833929, "USD1_USDT": 1783990537.833929}