{"UMXMUSDT": 1783423493.6418095, "NES-USDT": 1783423493.6418095, "HYPEUSDT": 1783423493.6418095}