{"UMXMUSDT": 1783504606.1657755, "UNI-USDT": 1783504606.1657755, "NES-USDT": 1783504606.1657755}