{"UMXMUSDT": 1784147604.6967638, "INJ_USDT": 1784147604.6967638, "XLM-USDT": 1784147604.6967638}