{"UMXMUSDT": 1783848512.5882957, "ZEC-USDT": 1783848512.5882957}