{"UMXMUSDT": 1783743228.584128, "LIT_USDT": 1783743228.584128}