{"UMXMUSDT": 1784137665.3452456, "0G_USDT": 1784137665.3452456, "LINK-USDT": 1784137665.3452456, "INJ_USDT": 1784137665.3452456, "RAVE-USDT": 1784137665.3452456, "AKE_USDT": 1784137665.3452456, "ENA_USDT": 1784137665.3452456, "UNI-USDT": 1784137665.3452456, "XLM-USDT": 1784137665.3452456, "ONDOUSDT": 1784137665.3452456, "PUMP_USDT": 1784137665.3452456, "ETH_USDT": 1784137665.3452456}