{"LTC-USDT": 1784625024.7434244, "ENA_USDT": 1784625024.7434244, "XLM-USDT": 1784625024.7434244, "DOGE_USDT": 1784625024.7434244, "TAO-USDT": 1784625024.7434244, "XAUT_USDT": 1784625024.7434244, "AKE_USDT": 1784625024.7434244, "TRX-USDT": 1784625024.7434244, "BTC_USDT": 1784625024.7434244, "ADA_USDT": 1784625024.7434244, "ETH_USDT": 1784625024.7434244}