{"UMXMUSDT": 1783495670.5855508, "UNI-USDT": 1783495670.5855508, "NES-USDT": 1783495670.5855508}