{"USD1_USDT": 1784292203.4119897, "AKE_USDT": 1784292203.4119897}