{"LTC-USDT": 1783301048.2298214, "AAVE-USDT": 1783301048.2298214, "LINK-USDT": 1783301048.2298214, "DOGE_USDT": 1783301048.2298214, "NEAR-USDT": 1783301048.2298214, "PEPE_USDT": 1783301048.2298214, "ZEC-USDT": 1783301048.2298214, "TAO-USDT": 1783301048.2298214, "LIT_USDT": 1783301048.2298214, "PUMP_USDT": 1783301048.2298214, "BNB_USDT": 1783301048.2298214, "SOL_USDT": 1783301048.2298214, "UMXMUSDT": 1783301048.2298214, "UNI-USDT": 1783301048.2298214}