{"XLM-USDT": 1784633004.3565316, "DOGE_USDT": 1784633004.3565316, "TAO-USDT": 1784633004.3565316, "XAUT_USDT": 1784633004.3565316, "BTC_USDT": 1784633004.3565316, "ETH_USDT": 1784633004.3565316, "LINK-USDT": 1784633004.3565316, "AAVE-USDT": 1784633004.3565316, "DOT-USDT": 1784633004.3565316, "SNX-USDT": 1784633004.3565316, "PEPE_USDT": 1784633004.3565316}