{"ZEC-USDT": 1783863411.9413543, "LINK-USDT": 1783863411.9413543, "PEPE_USDT": 1783863411.9413543, "WLD_USDT": 1783863411.9413543}