{"RONUSDT": 1784761279.4836192, "LTC-USDT": 1784761279.4836192, "PEPE-USDT": 1784761279.4836192, "ENA_USDT": 1784761279.4836192}