{"UNI-USDT": 1784025853.083511, "UMXMUSDT": 1784025853.083511, "ENA_USDT": 1784025853.083511, "AAVE-USDT": 1784025853.083511, "INJ_USDT": 1784025853.083511}