{"ESPORTS-USDT": 1784445972.51836, "PEPE_USDT": 1784445972.51836}