{"ZEUS_USDT": 1783365353.1192558, "HMSTRUSDT": 1783365353.1192558, "SOL_USDT": 1783365353.1192558, "NEAR-USDT": 1783365353.1192558, "VANRY_USDT": 1783365353.1192558, "UNI-USDT": 1783365353.1192558, "LINK-USDT": 1783365353.1192558, "ONDO_USDT": 1783365353.1192558, "XRP-USDT": 1783365353.1192558, "HYPEUSDT": 1783365353.1192558, "PEPE_USDT": 1783365353.1192558, "UMXMUSDT": 1783365353.1192558, "PUMP_USDT": 1783365353.1192558, "XPL_USDT": 1783365353.1192558, "LTC-USDT": 1783365353.1192558, "TAO-USDT": 1783365353.1192558, "GRAM_USDT": 1783365353.1192558, "AAVE-USDT": 1783365353.1192558, "BNB_USDT": 1783365353.1192558}