{"USD1_USDT": 1784354623.3596168, "OXT_USDT": 1784354623.3596168}