{"AKE_USDT": 1784840533.101044, "LTC-USDT": 1784840533.101044}