{"USD1_USDT": 1783533590.8561933, "UNI-USDT": 1783533590.8561933}