{"UMXMUSDT": 1784462202.8436985, "PEPE_USDT": 1784462202.8436985}