{"PEPE_USDT": 1783731431.8221004, "USD1_USDT": 1783731431.8221004, "UMXMUSDT": 1783731431.8221004, "ENA_USDT": 1783731431.8221004}