{"UMXMUSDT": 1784200626.8056128, "RAVE-USDT": 1784200626.8056128}