{"UMXMUSDT": 1783804981.680265, "WLD_USDT": 1783804981.680265, "TAO-USDT": 1783804981.680265, "XRP-USDT": 1783804981.680265, "LTC-USDT": 1783804981.680265, "PIEVERSE-USDT": 1783804981.680265, "AAVE-USDT": 1783804981.680265}