{"AKE_USDT": 1784336108.530537, "USD1_USDT": 1784336108.530537}