{"UMXMUSDT": 1783441768.6738632, "HYPE_USDT": 1783441768.6738632, "RAVE-USDT": 1783441768.6738632, "ETH_USDT": 1783441768.6738632, "TAO-USDT": 1783441768.6738632, "LINK-USDT": 1783441768.6738632, "ONDO_USDT": 1783441768.6738632, "UNI-USDT": 1783441768.6738632, "PEPE_USDT": 1783441768.6738632, "BNB_USDT": 1783441768.6738632}