{"SPYX_USDT": 1784664026.7158785, "XAUT_USDT": 1784664026.7158785}