{"ZEC-USDT": 1783857500.0850184, "BEAT_USDT": 1783857500.0850184, "LINK-USDT": 1783857500.0850184}