{"UMXMUSDT": 1783519246.9281807, "UNI-USDT": 1783519246.9281807}