{"PI_USDT": 1784488770.7297149, "XLM-USDT": 1784488770.7297149, "INJ_USDT": 1784488770.7297149}