{"SPYX_USDT": 1784681997.832093, "XAUT_USDT": 1784681997.832093, "PUMP_USDT": 1784681997.832093}