{"UMXMUSDT": 1783796431.4156256, "WLD_USDT": 1783796431.4156256, "TAO-USDT": 1783796431.4156256, "ZEC-USDT": 1783796431.4156256, "ENA_USDT": 1783796431.4156256, "XRP-USDT": 1783796431.4156256}