{"UMXMUSDT": 1783658029.3000383, "UNI-USDT": 1783658029.3000383, "ZEC-USDT": 1783658029.3000383, "EDGEUSDT": 1783658029.3000383, "AAVE-USDT": 1783658029.3000383, "BTC_USDT": 1783658029.3000383, "LIT_USDT": 1783658029.3000383, "TAG_USDT": 1783658029.3000383, "ENA_USDT": 1783658029.3000383, "DEXE_USDT": 1783658029.3000383, "TAO-USDT": 1783658029.3000383}