{"ZEC-USDT": 1783871914.5747657, "LINK-USDT": 1783871914.5747657, "PEPE_USDT": 1783871914.5747657, "WLD_USDT": 1783871914.5747657, "TAO-USDT": 1783871914.5747657, "BEAT_USDT": 1783871914.5747657, "UMXMUSDT": 1783871914.5747657, "AAVE-USDT": 1783871914.5747657, "TRX_USDT": 1783871914.5747657}