{"USD1_USDT": 1783549982.0045354, "TRX-USDT": 1783549982.0045354, "UMXMUSDT": 1783549982.0045354}