{"UNI-USDT": 1783462245.7582383, "NES-USDT": 1783462245.7582383}