{"UMXMUSDT": 1783690042.4580312, "ZEC-USDT": 1783690042.4580312, "BTC_USDT": 1783690042.4580312, "TAG_USDT": 1783690042.4580312, "LTC-USDT": 1783690042.4580312, "PEPE_USDT": 1783690042.4580312, "USD1_USDT": 1783690042.4580312, "LIT_USDT": 1783690042.4580312, "AAVE-USDT": 1783690042.4580312}