{"UMXMUSDT": 1783853739.283177, "ZEC-USDT": 1783853739.283177, "WLD_USDT": 1783853739.283177}