{"9BIT-USDT": 1784740627.8590968, "AKE_USDT": 1784740627.8590968, "SPYX_USDT": 1784740627.8590968, "RONUSDT": 1784740627.8590968, "AAVE-USDT": 1784740627.8590968, "LINK-USDT": 1784740627.8590968, "US_USDT": 1784740627.8590968, "PAXG_USDT": 1784740627.8590968, "XAUT_USDT": 1784740627.8590968, "ONDO-USDT": 1784740627.8590968, "DOGE_USDT": 1784740627.8590968, "PEPE_USDT": 1784740627.8590968, "ENA_USDT": 1784740627.8590968, "BONK_USDT": 1784740627.8590968}