{"ALLO_USDT": 1783981865.4135077, "USD1_USDT": 1783985362.8117657}