{"UNI-USDT": 1783457378.3061914, "NES-USDT": 1783457378.3061914}