{"LTC-USDT": 1783269635.1840293, "VANRY_USDT": 1783269635.1840293, "AAVE-USDT": 1783269635.1840293, "ZEC-USDT": 1783269635.1840293, "NES-USDT": 1783269635.1840293}