{"EPICUSDT": 1784917111.3576634, "XMR-USDT": 1784917111.3576634}