{"PEPE_USDT": 1784484067.8074253, "PI_USDT": 1784484067.8074253, "XLM-USDT": 1784484067.8074253}