{"LTC-USDT": 1783295101.587165, "AAVE-USDT": 1783295101.587165, "LINK-USDT": 1783295101.587165, "DOGE_USDT": 1783295101.587165, "NEAR-USDT": 1783295101.587165, "GRAM_USDT": 1783295101.587165, "HYPE_USDT": 1783295101.587165, "PEPE_USDT": 1783295101.587165, "XPL_USDT": 1783295101.587165, "ZEC-USDT": 1783295101.587165, "BCH-USDT": 1783295101.587165, "VANRY_USDT": 1783295101.587165, "TAO-USDT": 1783295101.587165, "LIT_USDT": 1783295101.587165, "9BIT-USDT": 1783295101.587165, "PUMP_USDT": 1783295101.587165, "BNB_USDT": 1783295101.587165, "DOT-USDT": 1783291516.254964, "SOL_USDT": 1783295101.587165, "ARX-USDT": 1783295101.587165}