{"9BIT-USDT": 1784714319.9181945, "AAVE-USDT": 1784714319.9181945, "RE-USDT": 1784714319.9181945, "ENA_USDT": 1784714319.9181945, "US_USDT": 1784714319.9181945}