{"ZEUS_USDT": 1783358471.3420985, "HMSTRUSDT": 1783358471.3420985, "SOL_USDT": 1783358471.3420985, "NEAR-USDT": 1783358471.3420985, "VANRY_USDT": 1783358471.3420985, "UNI-USDT": 1783358471.3420985, "LINK-USDT": 1783358471.3420985, "ONDO_USDT": 1783358471.3420985, "TLM-USDT": 1783358471.3420985, "XRP-USDT": 1783358471.3420985, "HYPEUSDT": 1783358471.3420985, "PEPE_USDT": 1783358471.3420985, "UMXMUSDT": 1783358471.3420985, "PUMP_USDT": 1783358471.3420985}