{"LIT_USDT": 1783584843.5760157, "TRX_USDT": 1783584843.5760157, "UNI-USDT": 1783584843.5760157}