{"UMXMUSDT": 1783631043.8487065, "AAVE-USDT": 1783631043.8487065, "TRX_USDT": 1783631043.8487065, "UNI-USDT": 1783631043.8487065, "ICP-USDT": 1783631043.8487065, "ZEC-USDT": 1783631043.8487065, "INJ_USDT": 1783631043.8487065}