{"UNI-USDT": 1784018164.8761678, "UMXMUSDT": 1784018164.8761678, "ENA_USDT": 1784018164.8761678}