{"SHIB-USDT": 1784578864.5672553, "XLM-USDT": 1784578864.5672553, "SNX-USDT": 1784578864.5672553, "ENA_USDT": 1784578864.5672553, "USD1_USDT": 1784578864.5672553, "LTC-USDT": 1784578864.5672553, "PIEVERSE-USDT": 1784578864.5672553, "TRX_USDT": 1784578864.5672553, "ACEUSDT": 1784578864.5672553}