{"USD1_USDT": 1784390121.4252663, "UMXMUSDT": 1784390121.4252663, "OXT_USDT": 1784390121.4252663}