{"UMXMUSDT": 1784405584.7836664, "USD1_USDT": 1784405584.7836664}