{"UMXMUSDT": 1783779721.8114586, "USD1_USDT": 1783779721.8114586, "WLD_USDT": 1783779721.8114586, "GRAM_USDT": 1783779721.8114586, "BEAT_USDT": 1783779721.8114586, "ENA_USDT": 1783779721.8114586, "DEXE_USDT": 1783779721.8114586, "ZEC-USDT": 1783779721.8114586}