{"ENA_USDT": 1784235369.2063663, "MANTRA_USDT": 1784235369.2063663, "DOT-USDT": 1784235369.2063663}