{"LTC-USDT": 1784788205.594833, "OUSDT": 1784788205.594833, "BANK_USDT": 1784788205.594833, "9BIT-USDT": 1784788205.594833, "AKE_USDT": 1784788205.594833}