{"UNI-USDT": 1784054335.0628803, "UMXMUSDT": 1784054335.0628803, "ENA_USDT": 1784054335.0628803, "AAVE-USDT": 1784054335.0628803, "INJ_USDT": 1784054335.0628803, "WLD_USDT": 1784054335.0628803, "PEPE_USDT": 1784054335.0628803, "DOGE_USDT": 1784054335.0628803, "SUI_USDT": 1784054335.0628803}