{"UMXMUSDT": 1784132453.005313, "0G_USDT": 1784132453.005313, "HYPE_USDT": 1784132453.005313, "LINK-USDT": 1784132453.005313, "ZEC-USDT": 1784132453.005313, "INJ_USDT": 1784132453.005313, "RAVE-USDT": 1784132453.005313, "AKE_USDT": 1784132453.005313, "PUMP-USDT": 1784132453.005313, "ENA_USDT": 1784132453.005313, "UNI-USDT": 1784132453.005313}