{"UNI-USDT": 1784059776.1255906, "UMXMUSDT": 1784059776.1255906, "ENA_USDT": 1784059776.1255906, "AAVE-USDT": 1784059776.1255906, "WLD_USDT": 1784059776.1255906, "PEPE_USDT": 1784059776.1255906, "DOGE_USDT": 1784059776.1255906, "SUI_USDT": 1784059776.1255906, "ZEC-USDT": 1784059776.1255906, "LTC-USDT": 1784059776.1255906, "LINK-USDT": 1784059776.1255906, "LIT_USDT": 1784059776.1255906}