{"UNI-USDT": 1783472683.47455, "NES-USDT": 1783472683.47455, "UMXMUSDT": 1783472683.47455}