{"UMXMUSDT": 1783637410.3967996, "TRX_USDT": 1783637410.3967996, "UNI-USDT": 1783637410.3967996, "ICP-USDT": 1783637410.3967996, "ZEC-USDT": 1783637410.3967996, "SENT-USDT": 1783637410.3967996, "EDGEUSDT": 1783637410.3967996}