{"UMXMUSDT": 1783624106.9445167, "RONUSDT": 1783624106.9445167, "AAVE-USDT": 1783624106.9445167}