{"UMXMUSDT": 1783945843.3743038, "WLD_USDT": 1783945843.3743038}