{"ENA_USDT": 1784239356.9899075, "MANTRA_USDT": 1784239356.9899075, "DOT-USDT": 1784239356.9899075}