{"XLM-USDT": 1784163400.6106532, "ETHFI_USDT": 1784163400.6106532}