{"UMXMUSDT": 1783769432.2168298, "LTC-USDT": 1783769432.2168298, "USD1_USDT": 1783769432.2168298, "XAUT_USDT": 1783769432.2168298, "WLD_USDT": 1783769432.2168298, "XPIN_USDT": 1783769432.2168298, "UNI-USDT": 1783769432.2168298, "AAVE-USDT": 1783769432.2168298}