{"UMXMUSDT": 1784156552.4913204, "XLM-USDT": 1784156552.4913204, "ETHFI_USDT": 1784156552.4913204}