{"SPYX_USDT": 1784668850.6126645, "XAUT_USDT": 1784668850.6126645}