{"USD1_USDT": 1784386465.3462849, "UMXMUSDT": 1784386465.3462849, "OXT_USDT": 1784386465.3462849}