{"KAITOUSDT": 1784480467.0893202, "VANRYUSDT": 1784480467.0893202, "TOWNSUSDT": 1784480467.0893202}