{"OXT_USDT": 1784320056.6483533, "DOT-USDT": 1784320056.6483533, "AKE_USDT": 1784320056.6483533}