{"INJ_USDT": 1784873409.2920873, "TRX_USDT": 1784873409.2920873}