{"UNI-USDT": 1784064685.7986479, "UMXMUSDT": 1784064685.7986479, "ENA_USDT": 1784064685.7986479, "AAVE-USDT": 1784064685.7986479, "WLD_USDT": 1784064685.7986479, "PEPE_USDT": 1784064685.7986479, "DOGE_USDT": 1784064685.7986479, "ZEC-USDT": 1784064685.7986479, "LINK-USDT": 1784064685.7986479, "LIT_USDT": 1784064685.7986479, "SNX-USDT": 1784064685.7986479}