{"UMXMUSDT": 1783841314.0642943, "LIT_USDT": 1783841314.0642943}