{"XLM-USDT": 1784476599.393201, "PI_USDT": 1784476599.393201, "UMXMUSDT": 1784476599.393201}