{"UMXMUSDT": 1783412542.3517883, "PUMP_USDT": 1783412542.3517883}