{"AKE_USDT": 1784845909.071972, "LTC-USDT": 1784845909.071972}