{"SPYX_USDT": 1784751078.2999654, "RONUSDT": 1784751078.2999654, "RE-USDT": 1784751078.2999654, "LTC-USDT": 1784751078.2999654}