{"LTC-USDT": 1783291516.254964, "AAVE-USDT": 1783291516.254964, "LINK-USDT": 1783291516.254964, "DOGE_USDT": 1783291516.254964, "NEAR-USDT": 1783291516.254964, "GRAM_USDT": 1783291516.254964, "HYPE_USDT": 1783287976.4343088, "PEPE_USDT": 1783291516.254964, "XPL_USDT": 1783291516.254964, "ZEC-USDT": 1783291516.254964, "BCH-USDT": 1783291516.254964, "VANRY_USDT": 1783291516.254964, "TAO-USDT": 1783291516.254964, "LIT_USDT": 1783291516.254964, "9BIT-USDT": 1783291516.254964, "PUMP_USDT": 1783291516.254964, "BNB_USDT": 1783291516.254964, "DOT-USDT": 1783291516.254964}