{"9BIT-USDT": 1784728076.775351, "AKE_USDT": 1784728076.775351}