{"AAVE-USDT": 1783346825.95494, "ZEUS_USDT": 1783346825.95494}