{"UMXMUSDT": 1784417165.1342533, "USD1_USDT": 1784417165.1342533, "LTC-USDT": 1784417165.1342533}