{"RONUSDT": 1784765431.6609435, "LTC-USDT": 1784765431.6609435, "PEPE-USDT": 1784765431.6609435, "DOGE_USDT": 1784765431.6609435}