{"PI_USDT": 1784492643.3139384, "XLM-USDT": 1784492643.3139384, "INJ_USDT": 1784492643.3139384}