{"PEPE_USDT": 1784573800.6917937, "SHIB-USDT": 1784573800.6917937, "XLM-USDT": 1784573800.6917937, "SNX-USDT": 1784573800.6917937, "ENA_USDT": 1784573800.6917937}