{"LTC-USDT": 1783281410.812166, "AAVE-USDT": 1783281410.812166, "LINK-USDT": 1783281410.812166, "DOGE_USDT": 1783281410.812166, "NEAR-USDT": 1783281410.812166, "GRAM_USDT": 1783281410.812166, "HYPE_USDT": 1783281410.812166, "LIT_USDT": 1783281410.812166, "PEPE_USDT": 1783281410.812166}