{"UMXMUSDT": 1783616519.5774105, "TRX_USDT": 1783616519.5774105, "RONUSDT": 1783616519.5774105, "ARB-USDT": 1783616519.5774105}