{"INJ_USDT": 1784535895.52543, "PI_USDT": 1784535895.52543}