{"UMXMUSDT": 1783449147.6645072, "HYPE_USDT": 1783449147.6645072, "ETH_USDT": 1783449147.6645072, "TAO-USDT": 1783449147.6645072, "LINK-USDT": 1783449147.6645072, "ONDO_USDT": 1783449147.6645072, "UNI-USDT": 1783449147.6645072, "PEPE_USDT": 1783449147.6645072, "BNB_USDT": 1783449147.6645072, "NES-USDT": 1783449147.6645072}