{"USD1_USDT": 1784376746.9931633, "UMXMUSDT": 1784376746.9931633}