{"LTC-USDT": 1784606160.3935435, "PEPE_USDT": 1784606160.3935435, "XAUT_USDT": 1784606160.3935435, "PIEVERSE-USDT": 1784606160.3935435, "ENA_USDT": 1784606160.3935435, "AKE_USDT": 1784606160.3935435, "ONDO_USDT": 1784606160.3935435}