{"INJ_USDT": 1784883815.647456, "ENA_USDT": 1784883815.647456}