{"OUSDT": 1784797925.985402, "BANK_USDT": 1784797925.985402, "AKE_USDT": 1784797925.985402}