{"INJ_USDT": 1784566710.6664836, "PEPE_USDT": 1784566710.6664836, "SHIB-USDT": 1784566710.6664836, "DOGE_USDT": 1784566710.6664836, "LTC-USDT": 1784566710.6664836, "XLM-USDT": 1784566710.6664836, "B_USDT": 1784566710.6664836}