{"UMXMUSDT": 1784401324.5677075, "USD1_USDT": 1784401324.5677075}