{"BANKUSDT": 1784819762.8122191, "WLFI_USDT": 1784819762.8122191}