{"UNI-USDT": 1784039079.8557673, "UMXMUSDT": 1784039079.8557673, "ENA_USDT": 1784039079.8557673, "AAVE-USDT": 1784039079.8557673, "INJ_USDT": 1784039079.8557673, "ASTER-USDT": 1784039079.8557673, "WLD_USDT": 1784039079.8557673, "ZEC-USDT": 1784039079.8557673, "PEPE_USDT": 1784039079.8557673}