{"INJ_USDT": 1784561339.5195901, "PEPE_USDT": 1784561339.5195901, "SHIB-USDT": 1784561339.5195901}