{"INJ_USDT": 1784553988.598811, "PEPE_USDT": 1784553988.598811}