{"AAVE-USDT": 1784069774.4955072, "WLD_USDT": 1784069774.4955072, "PEPE_USDT": 1784069774.4955072, "DOGE_USDT": 1784069774.4955072, "LINK-USDT": 1784069774.4955072, "LIT_USDT": 1784069774.4955072, "SNX-USDT": 1784069774.4955072}