{"HMSTR-USDT": 1783265688.47394, "LTC-USDT": 1783265688.47394, "VANRY_USDT": 1783265688.47394, "AAVE-USDT": 1783265688.47394, "ZEC-USDT": 1783265688.47394, "NES-USDT": 1783265688.47394}