{"USD1_USDT": 1784383030.2808833, "UMXMUSDT": 1784383030.2808833, "OXT_USDT": 1784383030.2808833}