{"AKE_USDT": 1784745706.0036473, "SPYX_USDT": 1784745706.0036473, "RONUSDT": 1784745706.0036473, "AAVE-USDT": 1784745706.0036473, "ENA_USDT": 1784745706.0036473, "RE-USDT": 1784745706.0036473, "LTC-USDT": 1784745706.0036473}