{"LIT_USDT": 1783605933.4099164, "UMXMUSDT": 1783605933.4099164, "ZEC-USDT": 1783605933.4099164, "TRX_USDT": 1783605933.4099164}