{"UMXMUSDT": 1783791161.6050055, "WLD_USDT": 1783791161.6050055, "TAO-USDT": 1783791161.6050055, "GRAM-USDT": 1783791161.6050055, "ZEC-USDT": 1783791161.6050055, "UNI-USDT": 1783791161.6050055}