{"XLM-USDT": 1784646212.303887, "DOGE_USDT": 1784646212.303887, "XAUT_USDT": 1784646212.303887, "BTC_USDT": 1784646212.303887, "AAVE-USDT": 1784646212.303887, "DOT-USDT": 1784646212.303887, "PIEVERSE-USDT": 1784646212.303887, "TAO-USDT": 1784646212.303887, "LTC-USDT": 1784646212.303887, "LINK-USDT": 1784646212.303887}