{"USD1_USDT": 1784286349.0155156, "AKE_USDT": 1784286349.0155156}