{"UMXMUSDT": 1783783843.0545807, "USD1_USDT": 1783783843.0545807, "WLD_USDT": 1783783843.0545807, "GRAM_USDT": 1783783843.0545807, "ENA_USDT": 1783783843.0545807, "TAO-USDT": 1783783843.0545807, "LTC-USDT": 1783783843.0545807}