{"ASTER-USDT": 1784120016.422798, "LTC-USDT": 1784120016.422798, "PUMP-USDT": 1784120016.422798, "WLD_USDT": 1784120016.422798, "UMXMUSDT": 1784120016.422798, "AAVE-USDT": 1784120016.422798}