{"UMXMUSDT": 1783751719.5506823, "TAO-USDT": 1783751719.5506823, "LINK-USDT": 1783751719.5506823, "LTC-USDT": 1783751719.5506823, "USD1_USDT": 1783751719.5506823}