{"SHIB-USDT": 1784588357.0389783, "XLM-USDT": 1784588357.0389783, "ENA_USDT": 1784588357.0389783, "USD1_USDT": 1784588357.0389783, "LTC-USDT": 1784588357.0389783, "TRX_USDT": 1784588357.0389783, "ACEUSDT": 1784588357.0389783, "PEPE_USDT": 1784588357.0389783, "INJ_USDT": 1784588357.0389783}