{"PI_USDT": 1784546547.9320302, "USD1_USDT": 1784546547.9320302}