{"UMXMUSDT": 1784142514.6499608, "0G_USDT": 1784142514.6499608, "INJ_USDT": 1784142514.6499608, "AKE_USDT": 1784142514.6499608, "ONDOUSDT": 1784142514.6499608, "ASTER-USDT": 1784142514.6499608, "HYPE_USDT": 1784142514.6499608}