{"ZEUS_USDT": 1783382853.2322886, "SOL_USDT": 1783382853.2322886, "NEAR-USDT": 1783382853.2322886, "UNI-USDT": 1783382853.2322886, "LINK-USDT": 1783382853.2322886, "ONDO_USDT": 1783382853.2322886, "XRP-USDT": 1783382853.2322886, "PEPE_USDT": 1783382853.2322886, "UMXMUSDT": 1783382853.2322886, "XPL_USDT": 1783382853.2322886, "TAO-USDT": 1783382853.2322886, "GRAM_USDT": 1783382853.2322886, "BNB_USDT": 1783382853.2322886, "ENA_USDT": 1783382853.2322886, "HMSTR-USDT": 1783382853.2322886, "MON_USDT": 1783382853.2322886}