{"USD1_USDT": 1784368574.0550187, "OXT_USDT": 1784368574.0550187, "UMXMUSDT": 1784368574.0550187, "AKE_USDT": 1784368574.0550187}