{"ZEC-USDT": 1783868092.0748117, "LINK-USDT": 1783868092.0748117, "PEPE_USDT": 1783868092.0748117, "WLD_USDT": 1783868092.0748117, "TAO-USDT": 1783868092.0748117, "BEAT_USDT": 1783868092.0748117}