{"UMXMUSDT": 1784279280.3159137, "USD1_USDT": 1784279280.3159137, "AKE_USDT": 1784279280.3159137, "MYRO-USDT": 1784279280.3159137}