{"UMXMUSDT": 1784397359.9292467, "USD1_USDT": 1784397359.9292467, "OXT_USDT": 1784397359.9292467}