{"LINK-USDT": 1783889044.7006304, "PEPE_USDT": 1783889044.7006304, "WLD_USDT": 1783889044.7006304, "BEAT_USDT": 1783889044.7006304, "TRX_USDT": 1783889044.7006304, "ZEC-USDT": 1783889044.7006304, "LIT_USDT": 1783889044.7006304, "UNI-USDT": 1783889044.7006304}