{"PEPE_USDT": 1783720845.812117, "USD1_USDT": 1783720845.812117, "UMXMUSDT": 1783720845.812117, "ENA_USDT": 1783720845.812117}