{"PEPE_USDT": 1783711507.3640697, "USD1_USDT": 1783711507.3640697, "UMXMUSDT": 1783711507.3640697}