{"LINK-USDT": 1783880828.4626474, "PEPE_USDT": 1783880828.4626474, "WLD_USDT": 1783880828.4626474, "BEAT_USDT": 1783880828.4626474, "ETH_USDT": 1783880828.4626474}