{"UMXMUSDT": 1783682739.6384327, "UNI-USDT": 1783682739.6384327, "ZEC-USDT": 1783682739.6384327, "BTC_USDT": 1783682739.6384327, "TAG_USDT": 1783682739.6384327, "ENA_USDT": 1783682739.6384327, "DEXE_USDT": 1783682739.6384327, "EVAA_USDT": 1783682739.6384327, "LTC-USDT": 1783682739.6384327, "PEPE_USDT": 1783682739.6384327, "USD1_USDT": 1783682739.6384327}