{"UNI-USDT": 1784049390.0775142, "UMXMUSDT": 1784049390.0775142, "ENA_USDT": 1784049390.0775142, "AAVE-USDT": 1784049390.0775142, "INJ_USDT": 1784049390.0775142, "WLD_USDT": 1784049390.0775142, "PEPE_USDT": 1784049390.0775142, "DOGE_USDT": 1784049390.0775142, "SUI_USDT": 1784049390.0775142}