{"UNI-USDT": 1783467009.9428213, "NES-USDT": 1783467009.9428213}