{"OXT_USDT": 1784315100.4588072, "DOT-USDT": 1784315100.4588072}