{"ZEUS_USDT": 1783372260.85916, "SOL_USDT": 1783372260.85916, "NEAR-USDT": 1783372260.85916, "UNI-USDT": 1783372260.85916, "LINK-USDT": 1783372260.85916, "ONDO_USDT": 1783372260.85916, "XRP-USDT": 1783372260.85916, "HYPEUSDT": 1783372260.85916, "PEPE_USDT": 1783372260.85916, "UMXMUSDT": 1783372260.85916, "PUMP_USDT": 1783372260.85916, "XPL_USDT": 1783372260.85916, "LTC-USDT": 1783372260.85916, "TAO-USDT": 1783372260.85916, "GRAM_USDT": 1783372260.85916, "AAVE-USDT": 1783372260.85916, "BNB_USDT": 1783372260.85916, "ENA_USDT": 1783372260.85916, "DOGEUSDT": 1783372260.85916, "XAUTUSDT": 1783372260.85916, "HMSTR-USDT": 1783372260.85916}