{"UMXMUSDT": 1783812422.61474, "ZEC-USDT": 1783812422.61474, "UNI-USDT": 1783812422.61474}