{"SPYX_USDT": 1784694217.216373, "9BIT-USDT": 1784694217.216373, "PIEVERSE-USDT": 1784694217.216373, "INJ_USDT": 1784694217.216373}