{"LINK-USDT": 1783892887.2482674, "PEPE_USDT": 1783892887.2482674, "WLD_USDT": 1783892887.2482674, "BEAT_USDT": 1783892887.2482674, "TRX_USDT": 1783892887.2482674, "ZEC-USDT": 1783892887.2482674, "LIT_USDT": 1783892887.2482674, "UNI-USDT": 1783892887.2482674}