{"XLM-USDT": 1784657735.3411944, "PIEVERSE-USDT": 1784657735.3411944, "SPYX_USDT": 1784657735.3411944, "AAVE-USDT": 1784657735.3411944, "ONDOUSDT": 1784657735.3411944}