{"XLM-USDT": 1784652894.0809116, "DOGE_USDT": 1784652894.0809116, "XAUT_USDT": 1784652894.0809116, "PIEVERSE-USDT": 1784652894.0809116, "LTC-USDT": 1784652894.0809116, "SPYX_USDT": 1784652894.0809116, "ONDO_USDT": 1784652894.0809116}