{"9BIT-USDT": 1784704197.8210907, "PIEVERSE-USDT": 1784704197.8210907, "XAUT_USDT": 1784704197.8210907, "AKE_USDT": 1784704197.8210907}