{"UMXMUSDT": 1783431261.4499216, "XAUT_USDT": 1783431261.4499216, "HYPE_USDT": 1783431261.4499216, "RAVE-USDT": 1783431261.4499216, "ZEC-USDT": 1783431261.4499216}