{"ENA_USDT": 1784225143.325185, "MANTRA_USDT": 1784225143.325185}