{"UNI-USDT": 1784031030.8591583, "UMXMUSDT": 1784031030.8591583, "ENA_USDT": 1784031030.8591583, "AAVE-USDT": 1784031030.8591583, "INJ_USDT": 1784031030.8591583}