{"BANK_USDT": 1784811578.554271, "WLFIUSDT": 1784811578.554271}