{"LTC-USDT": 1783273363.541622, "VANRY_USDT": 1783273363.541622, "AAVE-USDT": 1783273363.541622, "ZEC-USDT": 1783273363.541622, "LINK-USDT": 1783273363.541622, "DOGE_USDT": 1783273363.541622}