{"UMXMUSDT": 1784436428.6511402, "TRX_USDT": 1784436428.6511402, "ESPORTS-USDT": 1784436428.6511402}