{"UMXMUSDT": 1783511222.0487034, "NES-USDT": 1783511222.0487034}