{"RE_USDT": 1784836547.87277, "AKE_USDT": 1784836547.87277}