{"9BIT-USDT": 1784734815.4075804, "AKE_USDT": 1784734815.4075804, "SPYX_USDT": 1784734815.4075804, "RONUSDT": 1784734815.4075804, "AAVE-USDT": 1784734815.4075804, "LINK-USDT": 1784734815.4075804, "US_USDT": 1784734815.4075804, "PAXG_USDT": 1784734815.4075804, "XAUT_USDT": 1784734815.4075804}