{"UMXMUSDT": 1784184170.2628295, "RAVE-USDT": 1784184170.2628295, "BNB_USDT": 1784184170.2628295, "ENA_USDT": 1784184170.2628295, "INJ_USDT": 1784184170.2628295}