{"UMXMUSDT": 1783831925.65301, "LIT_USDT": 1783831925.65301}