{"UMXMUSDT": 1783526774.4189527, "USD1_USDT": 1783526774.4189527}