{"VELVET_USDT": 1783923349.8757427, "UMXMUSDT": 1783923349.8757427}