{"LTC-USDT": 1783284362.6403356, "AAVE-USDT": 1783284362.6403356, "LINK-USDT": 1783284362.6403356, "DOGE_USDT": 1783284362.6403356, "NEAR-USDT": 1783284362.6403356, "GRAM_USDT": 1783284362.6403356, "HYPE_USDT": 1783284362.6403356, "LIT_USDT": 1783281410.812166, "PEPE_USDT": 1783281410.812166, "XPL_USDT": 1783284362.6403356, "ZEC-USDT": 1783284362.6403356, "BCH-USDT": 1783284362.6403356}