{"UMXMUSDT": 1783759573.9223967, "LTC-USDT": 1783759573.9223967, "USD1_USDT": 1783759573.9223967, "XAUT_USDT": 1783759573.9223967}