{"LTC-USDT": 1783705641.640735, "PEPE_USDT": 1783705641.640735, "USD1_USDT": 1783705641.640735, "DOT-USDT": 1783705641.640735, "UMXMUSDT": 1783705641.640735}