{"AAVE-USDT": 1783316586.6547534, "PUMP_USDT": 1783316586.6547534, "UMXMUSDT": 1783316586.6547534, "XPL_USDT": 1783316586.6547534, "HYPE_USDT": 1783316586.6547534}