{"SHIB-USDT": 1784583765.9789457, "XLM-USDT": 1784583765.9789457, "ENA_USDT": 1784583765.9789457, "USD1_USDT": 1784583765.9789457, "LTC-USDT": 1784583765.9789457, "PIEVERSE-USDT": 1784583765.9789457, "TRX_USDT": 1784583765.9789457, "ACEUSDT": 1784583765.9789457, "ONDO-USDT": 1784583765.9789457, "PEPE_USDT": 1784583765.9789457}