{"PEPE_USDT": 1783724923.4808662, "USD1_USDT": 1783724923.4808662, "UMXMUSDT": 1783724923.4808662, "ENA_USDT": 1783724923.4808662}