{"USD1_USDT": 1784372534.0785952, "OXT_USDT": 1784372534.0785952, "UMXMUSDT": 1784372534.0785952, "AKE_USDT": 1784372534.0785952}