{"WLD_USDT": 1784126947.1267092, "UMXMUSDT": 1784126947.1267092, "0G_USDT": 1784126947.1267092, "HYPE_USDT": 1784126947.1267092, "LINK-USDT": 1784126947.1267092, "PEPE_USDT": 1784126947.1267092, "ZEC-USDT": 1784126947.1267092, "INJ_USDT": 1784126947.1267092}