{"XLM-USDT": 1784638377.2756293, "DOGE_USDT": 1784638377.2756293, "XAUT_USDT": 1784638377.2756293, "BTC_USDT": 1784638377.2756293, "ETH_USDT": 1784638377.2756293, "AAVE-USDT": 1784638377.2756293, "DOT-USDT": 1784638377.2756293, "TRX_USDT": 1784638377.2756293}