{"UMXMUSDT": 1784193180.3017733, "RAVE-USDT": 1784193180.3017733}