{"LTC-USDT": 1783277011.9293602, "AAVE-USDT": 1783277011.9293602, "LINK-USDT": 1783277011.9293602, "DOGE_USDT": 1783277011.9293602, "XPL_USDT": 1783277011.9293602, "NEAR-USDT": 1783277011.9293602, "GRAM_USDT": 1783277011.9293602}