{"UNI-USDT": 1784044634.130155, "UMXMUSDT": 1784044634.130155, "ENA_USDT": 1784044634.130155, "AAVE-USDT": 1784044634.130155, "INJ_USDT": 1784044634.130155, "ASTER-USDT": 1784044634.130155, "WLD_USDT": 1784044634.130155, "PEPE_USDT": 1784044634.130155, "SUI-USDT": 1784044634.130155}